id,project_id,type,url,caption
5,1,vr,https://#elementor-action%3Aaction%3Dpopup%3Aopen%26settings%3DeyJpZCI6IjE1NTkiLCJ0b2dnbGUiOmZhbHNlfQ%3D%3D,Virtual Tour (3d)
6,1,vr,https://#elementor-action%3Aaction%3Dpopup%3Aopen%26settings%3DeyJpZCI6IjE1NTMiLCJ0b2dnbGUiOmZhbHNlfQ%3D%3D,Virtual Tour (3d)
7,1,vr,https://#elementor-action%3Aaction%3Dpopup%3Aopen%26settings%3DeyJpZCI6IjE1NTAiLCJ0b2dnbGUiOmZhbHNlfQ%3D%3D,Virtual Tour (3d)
8,1,vr,https://#elementor-action%3Aaction%3Dpopup%3Aopen%26settings%3DeyJpZCI6IjE1NTkiLCJ0b2dnbGUiOmZhbHNlfQ%3D%3D,Virtual Tour (3d)
9,1,vr,https://#elementor-action%3Aaction%3Dpopup%3Aclose%26settings%3DeyJkb19ub3Rfc2hvd19hZ2FpbiI6IiJ9,Virtual Tour (3d)
10,1,vr,https://#elementor-action%3Aaction%3Dpopup%3Aclose%26settings%3DeyJkb19ub3Rfc2hvd19hZ2FpbiI6IiJ9,Virtual Tour (3d)
11,1,vr,https://#elementor-action%3Aaction%3Dpopup%3Aclose%26settings%3DeyJkb19ub3Rfc2hvd19hZ2FpbiI6IiJ9,Virtual Tour (3d)
13,1,vr,https://selenefortlauderdale.com/360-views/,Virtual Tour (360)
15,1,vr,"https://www.google.com/maps/dir//selene+fort+lauderdale/@26.2238261,-80.1453491,12.5z/data=!4m8!4m7!1m0!1m5!1m1!1s0x88d901327bd03601:0xc9b99b6f8402c719!2m2!1d-80.1049044!2d26.1230197",Virtual Tour (360)
18,1,image,https://selenefortlauderdale.com/wp-content/themes/hello-elementor-child/home-carousel/glider-image-1.jpg,Project Image
19,1,image,https://selenefortlauderdale.com/wp-content/themes/hello-elementor-child/home-carousel/glider-image-2.jpg,Project Image
20,1,image,https://selenefortlauderdale.com/wp-content/themes/hello-elementor-child/home-carousel/glider-image-3.jpg,Project Image
21,1,image,https://selenefortlauderdale.com/wp-content/themes/hello-elementor-child/home-carousel/glider-image-11-min.jpg,Project Image
22,1,image,https://selenefortlauderdale.com/wp-content/themes/hello-elementor-child/home-carousel/glider-image-5.jpg,Project Image
23,1,image,https://selenefortlauderdale.com/wp-content/themes/hello-elementor-child/home-carousel/glider-image-6.jpg,Project Image
24,1,image,https://selenefortlauderdale.com/wp-content/themes/hello-elementor-child/home-carousel/glider-image-7.jpg,Project Image
25,1,image,https://selenefortlauderdale.com/wp-content/themes/hello-elementor-child/home-carousel/glider-image-8.jpg,Project Image
26,1,image,https://selenefortlauderdale.com/wp-content/themes/hello-elementor-child/home-carousel/glider-image-13.jpg,Project Image
27,1,image,https://selenefortlauderdale.com/wp-content/themes/hello-elementor-child/home-carousel/glider-image-9.jpg,Project Image
